Model,Link,Details,Price,Shipping Price
Rolex Datejust 41,https://www.chrono24.com/rolex/rolex-datejust-41-unworn-2022-blue-index-dial-white-gold-fluted-bezel-jubilee-bracelet--id32584447.htm,Unworn 2022 Blue Index Dial White Gold Fluted Bezel Jubilee Bracelet,14595,245
Rolex Datejust 41,https://www.chrono24.com/rolex/rolex-2022-datejust-41mm-fluted-bezel-126334-blue-index-dial-jubilee-bracelet-stainless-steel--id12288552.htm,2022+ Datejust 41mm Fluted Bezel 126334 Blue Index Dial Jubilee Bracelet Stainless Steel,14825,250
Rolex Datejust 41,https://www.chrono24.com/rolex/rolex-datejust-41-new-2023-blue-index-dial-fluted-bezel-oyster-bracelet--id23294291.htm,NEW 2023 Blue Index Dial Fluted Bezel Oyster Bracelet,13995,245
Rolex Datejust 41,https://www.chrono24.com/rolex/rolex-2022-datejust-41mm-blue-motif-index-dial-126334-fluted-bezel-jubilee-stainless-steel--id26210142.htm,2022+ Datejust 41mm Blue Motif Index Dial 126334 Fluted Bezel Jubilee Stainless Steel,16225,250
Rolex Datejust 41,https://www.chrono24.com/rolex/rolex-datejust-41mm-fluted-bezel-stainless-steel-blue-index-dial-oyster-bracelet-126334--id25859784.htm,41mm Fluted Bezel Stainless Steel Blue Index Dial Oyster Bracelet 126334,14895,
Rolex Datejust 41,https://www.chrono24.com/rolex/rolex-new-2023-datejust-41-steel-jubilee-blue-index-dial-fluted-bezel-126334--id30936607.htm,NEW 2023 Datejust 41 Steel Jubilee Blue Index Dial Fluted Bezel 126334,14995,449
Rolex Datejust 41,https://www.chrono24.com/rolex/rolex-rolex-datejust-ii-41mm-steel-blue-motif-index-dial-18k-white-gold-fluted-bezel-126334--id28756645.htm,II 41mm Steel Blue Motif Index Dial 18K White Gold Fluted Bezel 126334,17450,295
Rolex Datejust 41,https://www.chrono24.com/rolex/datejust-41mm-steel-blue-index-dial-18k-fluted-bezel-jubilee-bracelet--id19707900.htm,41mm Steel Blue Index Dial 18k Fluted Bezel Jubilee Bracelet,14795,189
Rolex Datejust 41,https://www.chrono24.com/rolex/rolex-steel-and-white-gold-rolesor-datejust-41-watch-fluted-bezel-blue-index-dial-oyster-126334--id27105188.htm,Steel and White Gold Rolesor Datejust 41 Watch Fluted Bezel Blue Index Dial Oyster 126334,14150,99
Rolex Datejust 41,https://www.chrono24.com/rolex/rolex-datejust-41mm-fluted-bezel-stainless-steel-blue-index-dial-jubilee-bracelet-126334--id25858146.htm,41mm Fluted Bezel Stainless Steel Blue Index Dial Jubilee Bracelet 126334,14245,
Rolex Datejust 41,https://www.chrono24.com/rolex/rolex-rolex-datejust-ii-41mm-stainless-steel-blue-index-dial-18k-white-gold-fluted-bezel-126334--id28242582.htm,II 41mm Stainless Steel Blue Index Dial 18K White Gold Fluted Bezel 126334,14400,295
Rolex Datejust 41,https://www.chrono24.com/rolex/rolex-2022-datejust-41mm-126334-fluted-bezel-blue-index-dial-oyster-bracelet-stainless-steel--id12589548.htm,2022+ Datejust 41mm 126334 Fluted Bezel Blue Index Dial Oyster Bracelet Stainless Steel,13925,250
Rolex Datejust 41,https://www.chrono24.com/rolex/rolex-datejust-41-new-2023-blue-index-stick-dial-fluted-bezel-stainless-steel-jubilee-bracelet--id29475854.htm,NEW 2023 Blue Index Stick Dial Fluted Bezel Stainless Steel Jubilee Bracelet,14995,245
Rolex Datejust 41,https://www.chrono24.com/rolex/rolex-rolex-white-rolesor-datejust-41-watch---fluted-bezel---bright-blue-fluted-motif-index-dial--id29915129.htm,White Rolesor Datejust 41 Watch - Fluted Bezel - Bright Blue Fluted Motif Index Dial,16499,99
Rolex Datejust 41,https://www.chrono24.com/rolex/rolex-steel-and-white-rolesor-datejust-41-watch-fluted-bezel-blue-index-dial---jubilee-126334--id27759659.htm,Steel and White Rolesor Datejust 41 Watch Fluted Bezel Blue Index Dial - Jubilee 126334,14950,99
Rolex Datejust 41,https://www.chrono24.com/rolex/rolex-datejust-41mm-fluted-bezel-stainless-steel-blue-motif-index-dial-jubilee-bracelet-126334--id32046398.htm,41mm Fluted Bezel Stainless Steel Blue Motif Index Dial Jubilee Bracelet 126334,15875,
